eps_m,min_samples,class,points,clusters,noise
100,3,<100 ft,107,0,107
100,3,100-250 ft,356,8,320
100,3,250-500 ft,347,5,329
100,3,>500 ft,52,1,49
100,4,<100 ft,107,0,107
100,4,100-250 ft,356,4,335
100,4,250-500 ft,347,3,335
100,4,>500 ft,52,0,52
100,5,<100 ft,107,0,107
100,5,100-250 ft,356,3,340
100,5,250-500 ft,347,0,347
100,5,>500 ft,52,0,52
100,6,<100 ft,107,0,107
100,6,100-250 ft,356,1,350
100,6,250-500 ft,347,0,347
100,6,>500 ft,52,0,52
100,7,<100 ft,107,0,107
100,7,100-250 ft,356,0,356
100,7,250-500 ft,347,0,347
100,7,>500 ft,52,0,52
100,8,<100 ft,107,0,107
100,8,100-250 ft,356,0,356
100,8,250-500 ft,347,0,347
100,8,>500 ft,52,0,52
100,9,<100 ft,107,0,107
100,9,100-250 ft,356,0,356
100,9,250-500 ft,347,0,347
100,9,>500 ft,52,0,52
100,10,<100 ft,107,0,107
100,10,100-250 ft,356,0,356
100,10,250-500 ft,347,0,347
100,10,>500 ft,52,0,52
200,3,<100 ft,107,4,92
200,3,100-250 ft,356,24,217
200,3,250-500 ft,347,23,233
200,3,>500 ft,52,1,49
200,4,<100 ft,107,2,99
200,4,100-250 ft,356,9,269
200,4,250-500 ft,347,12,275
200,4,>500 ft,52,0,52
200,5,<100 ft,107,0,107
200,5,100-250 ft,356,8,283
200,5,250-500 ft,347,6,304
200,5,>500 ft,52,0,52
200,6,<100 ft,107,0,107
200,6,100-250 ft,356,3,313
200,6,250-500 ft,347,2,329
200,6,>500 ft,52,0,52
200,7,<100 ft,107,0,107
200,7,100-250 ft,356,2,322
200,7,250-500 ft,347,1,337
200,7,>500 ft,52,0,52
200,8,<100 ft,107,0,107
200,8,100-250 ft,356,2,324
200,8,250-500 ft,347,1,339
200,8,>500 ft,52,0,52
200,9,<100 ft,107,0,107
200,9,100-250 ft,356,2,328
200,9,250-500 ft,347,0,347
200,9,>500 ft,52,0,52
200,10,<100 ft,107,0,107
200,10,100-250 ft,356,2,330
200,10,250-500 ft,347,0,347
200,10,>500 ft,52,0,52
300,3,<100 ft,107,9,72
300,3,100-250 ft,356,28,170
300,3,250-500 ft,347,24,200
300,3,>500 ft,52,2,46
300,4,<100 ft,107,3,92
300,4,100-250 ft,356,14,219
300,4,250-500 ft,347,16,228
300,4,>500 ft,52,0,52
300,5,<100 ft,107,1,102
300,5,100-250 ft,356,10,236
300,5,250-500 ft,347,9,266
300,5,>500 ft,52,0,52
300,6,<100 ft,107,0,107
300,6,100-250 ft,356,7,252
300,6,250-500 ft,347,5,293
300,6,>500 ft,52,0,52
300,7,<100 ft,107,0,107
300,7,100-250 ft,356,8,257
300,7,250-500 ft,347,3,312
300,7,>500 ft,52,0,52
300,8,<100 ft,107,0,107
300,8,100-250 ft,356,3,295
300,8,250-500 ft,347,3,314
300,8,>500 ft,52,0,52
300,9,<100 ft,107,0,107
300,9,100-250 ft,356,3,296
300,9,250-500 ft,347,2,326
300,9,>500 ft,52,0,52
300,10,<100 ft,107,0,107
300,10,100-250 ft,356,2,306
300,10,250-500 ft,347,1,336
300,10,>500 ft,52,0,52
500,3,<100 ft,107,13,53
500,3,100-250 ft,356,33,103
500,3,250-500 ft,347,30,125
500,3,>500 ft,52,3,41
500,4,<100 ft,107,5,78
500,4,100-250 ft,356,16,161
500,4,250-500 ft,347,21,163
500,4,>500 ft,52,1,47
500,5,<100 ft,107,4,85
500,5,100-250 ft,356,12,186
500,5,250-500 ft,347,14,193
500,5,>500 ft,52,0,52
500,6,<100 ft,107,2,95
500,6,100-250 ft,356,10,201
500,6,250-500 ft,347,9,228
500,6,>500 ft,52,0,52
500,7,<100 ft,107,0,107
500,7,100-250 ft,356,7,228
500,7,250-500 ft,347,6,247
500,7,>500 ft,52,0,52
500,8,<100 ft,107,0,107
500,8,100-250 ft,356,6,235
500,8,250-500 ft,347,5,263
500,8,>500 ft,52,0,52
500,9,<100 ft,107,0,107
500,9,100-250 ft,356,6,235
500,9,250-500 ft,347,4,280
500,9,>500 ft,52,0,52
500,10,<100 ft,107,0,107
500,10,100-250 ft,356,4,253
500,10,250-500 ft,347,4,280
500,10,>500 ft,52,0,52
750,3,<100 ft,107,15,34
750,3,100-250 ft,356,29,73
750,3,250-500 ft,347,32,65
750,3,>500 ft,52,5,31
750,4,<100 ft,107,9,54
750,4,100-250 ft,356,20,101
750,4,250-500 ft,347,22,101
750,4,>500 ft,52,2,40
750,5,<100 ft,107,5,72
750,5,100-250 ft,356,14,130
750,5,250-500 ft,347,14,140
750,5,>500 ft,52,2,40
750,6,<100 ft,107,4,77
750,6,100-250 ft,356,11,148
750,6,250-500 ft,347,12,155
750,6,>500 ft,52,0,52
750,7,<100 ft,107,3,83
750,7,100-250 ft,356,9,164
750,7,250-500 ft,347,10,170
750,7,>500 ft,52,0,52
750,8,<100 ft,107,1,97
750,8,100-250 ft,356,8,184
750,8,250-500 ft,347,10,173
750,8,>500 ft,52,0,52
750,9,<100 ft,107,0,107
750,9,100-250 ft,356,7,196
750,9,250-500 ft,347,10,178
750,9,>500 ft,52,0,52
750,10,<100 ft,107,0,107
750,10,100-250 ft,356,5,215
750,10,250-500 ft,347,9,197
750,10,>500 ft,52,0,52
1000,3,<100 ft,107,13,27
1000,3,100-250 ft,356,25,47
1000,3,250-500 ft,347,30,40
1000,3,>500 ft,52,7,24
1000,4,<100 ft,107,11,36
1000,4,100-250 ft,356,19,73
1000,4,250-500 ft,347,25,62
1000,4,>500 ft,52,3,36
1000,5,<100 ft,107,7,53
1000,5,100-250 ft,356,16,91
1000,5,250-500 ft,347,20,84
1000,5,>500 ft,52,2,40
1000,6,<100 ft,107,3,73
1000,6,100-250 ft,356,12,128
1000,6,250-500 ft,347,14,117
1000,6,>500 ft,52,1,46
1000,7,<100 ft,107,2,80
1000,7,100-250 ft,356,10,142
1000,7,250-500 ft,347,12,129
1000,7,>500 ft,52,0,52
1000,8,<100 ft,107,2,80
1000,8,100-250 ft,356,9,149
1000,8,250-500 ft,347,11,138
1000,8,>500 ft,52,0,52
1000,9,<100 ft,107,2,86
1000,9,100-250 ft,356,9,149
1000,9,250-500 ft,347,11,141
1000,9,>500 ft,52,0,52
1000,10,<100 ft,107,2,87
1000,10,100-250 ft,356,8,162
1000,10,250-500 ft,347,11,143
1000,10,>500 ft,52,0,52
1500,3,<100 ft,107,11,12
1500,3,100-250 ft,356,20,9
1500,3,250-500 ft,347,16,10
1500,3,>500 ft,52,8,18
1500,4,<100 ft,107,11,12
1500,4,100-250 ft,356,14,33
1500,4,250-500 ft,347,12,23
1500,4,>500 ft,52,5,28
1500,5,<100 ft,107,8,26
1500,5,100-250 ft,356,14,39
1500,5,250-500 ft,347,12,28
1500,5,>500 ft,52,2,40
1500,6,<100 ft,107,6,38
1500,6,100-250 ft,356,13,62
1500,6,250-500 ft,347,13,31
1500,6,>500 ft,52,1,45
1500,7,<100 ft,107,5,44
1500,7,100-250 ft,356,10,84
1500,7,250-500 ft,347,11,48
1500,7,>500 ft,52,1,45
1500,8,<100 ft,107,3,58
1500,8,100-250 ft,356,10,90
1500,8,250-500 ft,347,12,57
1500,8,>500 ft,52,0,52
1500,9,<100 ft,107,3,60
1500,9,100-250 ft,356,9,108
1500,9,250-500 ft,347,9,91
1500,9,>500 ft,52,0,52
1500,10,<100 ft,107,3,63
1500,10,100-250 ft,356,9,111
1500,10,250-500 ft,347,8,102
1500,10,>500 ft,52,0,52
2000,3,<100 ft,107,6,9
2000,3,100-250 ft,356,10,6
2000,3,250-500 ft,347,5,7
2000,3,>500 ft,52,6,14
2000,4,<100 ft,107,6,12
2000,4,100-250 ft,356,10,6
2000,4,250-500 ft,347,5,8
2000,4,>500 ft,52,3,23
2000,5,<100 ft,107,4,20
2000,5,100-250 ft,356,10,11
2000,5,250-500 ft,347,5,10
2000,5,>500 ft,52,3,23
2000,6,<100 ft,107,4,20
2000,6,100-250 ft,356,8,25
2000,6,250-500 ft,347,7,11
2000,6,>500 ft,52,2,31
2000,7,<100 ft,107,5,21
2000,7,100-250 ft,356,6,40
2000,7,250-500 ft,347,7,14
2000,7,>500 ft,52,2,32
2000,8,<100 ft,107,4,30
2000,8,100-250 ft,356,7,41
2000,8,250-500 ft,347,7,16
2000,8,>500 ft,52,2,32
2000,9,<100 ft,107,2,51
2000,9,100-250 ft,356,6,53
2000,9,250-500 ft,347,7,27
2000,9,>500 ft,52,1,40
2000,10,<100 ft,107,2,52
2000,10,100-250 ft,356,7,53
2000,10,250-500 ft,347,7,39
2000,10,>500 ft,52,1,42